{
    "linear": {
        "accuracy": 0.7875,
        "f1_weighted": 0.7858516483516482
    },
    "poly": {
        "accuracy": 0.625,
        "f1_weighted": 0.6174790367572034
    },
    "rbf": {
        "accuracy": 0.7875,
        "f1_weighted": 0.7868207282913166
    },
    "sigmoid": {
        "accuracy": 0.5875,
        "f1_weighted": 0.5801347182229535
    }
}